uuid,first_name,last_name,birthday
de79ea75-6744-3079-82f9-6e73b5842a2f,Jena,Collier,2001-04-14
9afccdc9-4645-3116-9f24-76008a1ab2c2,Cornell,Waelchi,2008-07-27
8123fb7c-046e-3724-865f-2bbff918d501,Cameron,Sawayn,1986-07-25
3e712a01-78c5-318d-bbc0-d67de9bee0ac,Alena,Wintheiser,2021-06-28
fed184e8-2cb2-36cf-999c-ed6ce960441f,Erna,Heathcote,1972-08-22
3048cbfb-8821-3fef-989c-1729390942de,Thomas,Kohler,2012-03-07
77b94545-c583-383b-afbc-1d65464afc84,Miracle,Leffler,1971-05-31
c76d1057-b0f2-3239-94fe-038a1544f9a9,Johann,Heidenreich,2004-05-03
04c3dd0d-5668-346c-bdb0-6a83a7e965e1,Judd,Price,1998-12-14
6b972738-dc5d-3713-bf84-981891bf4452,Maximo,Gulgowski,1979-12-30
aec48130-7d82-3a85-90fe-113af2e7dd5c,Rachel,Boyer,2007-09-27
62be6ca4-0293-3605-a3e0-8ddcb96e38f4,Loraine,Cummerata,1989-01-06
2f9f9219-fd1f-392a-b86f-e4d645aea5de,Serenity,Kovacek,1977-08-14
c58ca73a-ad0a-3eee-9203-6cdafc9d8572,Lewis,Auer,1981-06-26
a43472f6-b0df-31f1-bc58-71ba6ea5fd96,Madonna,Koelpin,1997-03-11
edb629a1-38bd-355e-a33b-8d13c84bb5ab,Katlyn,Kassulke,2019-01-11
df4eef99-08d9-34d1-b78a-b1db4758d785,Cecile,Pouros,2017-05-23
dac0d567-a155-3603-a6fe-3104d7010ebb,Ike,Schiller,2015-09-08
c8e6c2d4-4cf2-3aa8-9649-b8c810e47d4d,Claud,Rice,2011-09-18
579317c0-8554-3ddb-b1df-095caba61d8a,Gregorio,Bernhard,1978-11-02
05e783b5-4dc7-3a9f-93ec-1521f934b137,Alverta,Collier,1975-07-12
e90bda9b-20da-311d-b230-669e830eee3f,Kallie,Waelchi,1980-03-22
d7c63647-6519-3a7b-a642-ceb36ba77efd,Estelle,Franecki,2021-08-22
e0492fb5-67e0-31d9-92a8-04b4a86dc3f5,Carrie,Prohaska,2013-02-06
a4db6157-c107-31b8-b221-89c8c5b3a9f1,Zack,Bayer,1996-02-07
6866498e-3a45-3b8f-aecd-967808dd06d4,Lulu,Volkman,1970-04-27
7d3f840a-a795-31e8-be97-528499446633,Chaim,Ernser,1985-03-14
23d1d835-c9cc-3202-b5f6-8a5b408185cb,Laisha,Crona,2022-06-12
88378693-e9ae-3f1c-99a8-1093b1a23efa,Janie,Mills,1995-08-08
a3b0cc73-e103-380e-946d-79f11ebf1766,Coy,Osinski,1999-08-09
de900c7a-da73-3a10-b25b-57c2ac590cc5,Ardella,Denesik,2001-02-13
777b1e36-0ecc-36af-ad44-55ccb99951bf,Anya,Cassin,2019-11-28
bbaacb81-193a-3a68-8bee-79df416e2b77,Wyatt,Simonis,1983-10-01
1fa0da48-826d-3223-9a76-4fa8d62e55d6,Maggie,Wyman,1971-05-04
852d2c42-9197-3042-8665-c9486d2f665e,Shanel,Beahan,1989-07-21
8225201e-4d5c-31a1-bbdb-9c60cf26dc55,Eriberto,Gorczany,1990-08-28
2b79ebd6-b5ce-3d69-bc2b-18a7841dc303,Laura,Weissnat,2004-05-03
adab9c51-825f-31bb-bd5a-6ec4af92ad36,Della,McLaughlin,1985-08-08
f7640a3c-630f-3372-842c-5b2a8d48dc41,Jody,Will,2003-02-10
8b8ae088-29c2-37d6-bda1-3151b393e40a,Oran,Heidenreich,1995-09-22
7132113a-2e02-3d7d-8a91-67738d9cc853,Kelvin,Quitzon,1980-12-17
fd136055-1e79-3491-a12e-9f0f0149fb0f,Osborne,Sauer,2011-07-23
7f64f9ef-e553-3432-aa18-57ad7ef75967,Rey,Mueller,1998-06-14
832db732-d20b-353b-9117-4c9a2ab10ef7,Thomas,Pouros,2010-01-03
958dd0bd-b429-32cf-8203-ee644f5a77a6,Micah,Schuster,1985-01-17
7e6cc36a-0f18-30f7-998b-be2eef4e8442,Kamille,Dach,2019-02-25
bfce56b9-e0a6-335b-94f2-fe3c3c8cdd8c,Mina,Aufderhar,2015-01-25
0cb400f1-a4cf-35eb-bb0e-e580ff02e013,Julie,Pollich,1994-04-04
db367802-907a-3f8e-9961-73338e93de09,Einar,Medhurst,1991-08-26
b53092bf-d168-3e20-86fc-638ec0bd1ea8,Brielle,Schoen,1995-04-16
65fc9400-49af-3ef1-91c1-ca77e043eb15,Noah,Raynor,1974-12-21
b5816bd8-24e1-3b28-b04e-77b576cbc458,Cassie,Hackett,1974-05-23
f375728d-8e59-3960-a3dd-586c7d945a26,Lloyd,Runolfsdottir,1985-10-27
fb9ffb4f-833d-33f8-8ac2-916969fa156e,Eldora,Mraz,2018-02-22
ea21939e-42cf-36b1-a33d-b2005551a0aa,Ofelia,Stamm,1996-06-09
ca8c26b0-ea22-3424-bdf9-c850a5461510,Hanna,Dickinson,1976-04-18
1464820b-7b63-3edc-85bd-c30835c6c2d0,Macey,Hettinger,2013-08-27
24ba43da-2588-3685-9992-bed1fa7cccbd,Brittany,Olson,1987-03-27
5656d3c2-5c81-3aad-ae7a-884ca2683260,Kathryne,Beer,1996-06-16
afb65aeb-d524-3675-8bd8-7a1615d186e5,Maybell,Rolfson,1981-08-02
509cb4f0-d25b-3b2a-b305-837c352271c2,Sydney,Hartmann,2001-03-19
b72b6df3-62f4-3326-8f8a-4ab761daa82a,Elvis,McCullough,1996-06-01
155e519f-6bac-3a17-8814-e6f71fab2f99,Xavier,Rau,1977-03-07
f95dd8ff-7c79-307c-8c87-0b91f4bc9b93,Weldon,Ankunding,1994-06-13
f4e5d84e-18b8-3403-80ea-13f4125b3cd1,Betty,Conn,2016-03-26
fc3edcf9-3149-3639-83c4-6d7c4aa39bc7,Glenda,Swaniawski,2008-03-04
50f74110-569e-38ad-98ae-fa1e227c47eb,Fredrick,Bayer,2012-02-29
6f5c1645-e1f4-3d34-9ef5-098d38df3e53,Vernice,Bailey,2009-06-18
3f33ff51-af82-33c0-99cd-2c802195b6c8,Raven,Huel,2004-12-18
ab6149d5-8aa6-30df-b9cf-63b13be4fc1b,Jana,Blanda,1978-05-07
64c43188-ac99-3bb6-82c8-6cf482f321e8,Ima,Bauch,1983-07-21
1fdde50a-a422-3c11-8f74-d1289855d8cb,Gilbert,Durgan,2006-01-01
48cae184-19d2-3e44-b2ad-c79a05882bd5,Nikita,Cronin,1995-11-24
43ed2979-43b8-3ca3-85ee-468962698ef1,Viola,Ortiz,1992-09-22
a216e535-712f-39bd-bd13-3564450eb9b5,Fanny,Lueilwitz,2012-06-28
2cb5318a-369b-3bf9-99cd-58d4fa65f089,Osbaldo,Raynor,2016-05-07
273b9727-67b1-39a5-87ff-f98751e9c73c,Yvonne,Mayer,2005-04-21
21b01a67-7f24-3e33-9a40-3a7c7b28bb0d,Clay,Casper,2008-07-19
3b1e8806-729e-3f66-80cd-be93b6a014be,Olen,O'Kon,2013-09-28
1c982f07-b60b-3cae-afa8-d2044ab23c6f,Arch,Heidenreich,1990-11-04
3d97f6c1-053a-3be9-bffe-21397fab2b04,Jalyn,Reichert,1988-11-27
c3ed122a-b3e1-32dc-8311-de3f5a214a8e,Cortez,Ferry,2010-02-04
e7d4e1d3-db67-33bf-8ba9-966a84c76549,Elaina,Bartell,1988-07-09
5098b42b-c804-35da-a29f-dc69ac386317,Marcel,Schuppe,2016-04-26
b0751909-068f-3707-a5d2-6d3bfd721d0f,Rossie,Trantow,1993-05-14
e71d5644-bdbc-3ec7-9aca-1695be3d1487,Emmalee,Parisian,1990-05-19
497f234a-9b7e-3e7b-91aa-dfd0b426e42c,Alexandra,Moore,1998-08-18
002b19ff-a9a0-3a52-af42-0c4c0cb7b41c,Quinn,Will,2012-01-15
382f1edd-79f8-3343-b122-831d91ec4e33,Dedric,Ortiz,2014-01-28
b34ab20c-9a7e-3668-95e7-58f192cafa5a,Jeanne,Rodriguez,1982-12-17
d31f86e8-2ea3-34a1-bcf7-da3a1f4719ca,Mac,Ryan,1978-08-31
8985929f-79c3-3018-8230-7892bb58c4e0,Demarcus,Prosacco,2009-04-01
7e33e35a-ff9a-3a23-84a3-b4a21aaa35b2,Maryam,Schuppe,2021-06-07
5d77b51d-a91d-3612-a02b-336c68dafff3,Estevan,Lang,1981-03-17
017c3af5-1b23-3096-93e9-eba64e08cc12,Elton,Lesch,1982-01-18
d8671e14-ec14-3c24-9d98-77716449dc40,Trey,Walker,2005-06-07
89244005-1a3d-34fd-a377-cad94722803a,Garrett,Will,2012-02-22
c113586e-3723-3593-a361-7b3faf429843,Celestino,Ratke,2009-04-16
e336523e-3db0-3962-b645-2a924a5f6602,Adriana,Abernathy,1997-09-18
50eebff2-5ed9-37ff-b598-b769b8cfb8f7,Althea,Torphy,1983-06-18
